{
  "assetsByChunkName": {
    "vendors~app-account~app-checkout~app-confirmation~app-order": "chunk.96a29556ceb32469779b.js",
    "vendors~app-account~app-confirmation~app-order": "chunk.7d2b1e54902f942baa43.js",
    "vendors~app-account~app-checkout": "chunk.23ea0ed8460eb633a94e.js",
    "admin": [
      "admin.76ff94775ccd0925b392.js",
      "admin.76ff94775ccd0925b392.js.map"
    ],
    "app-account": "chunk.d8a77af8bdfc3cf6af8a.js",
    "app-confirmation": "chunk.a84db68c997966c71f54.js",
    "app-order": "chunk.c92d2278a116b9645eef.js",
    "checkout": [
      "checkout.cd31255b5edf831f9d6c.js",
      "checkout.cd31255b5edf831f9d6c.js.map"
    ],
    "storefront": [
      "storefront.deb4bccbf68db47848a4.css",
      "storefront.87f57f6b5f190f2bb40b.js",
      "storefront.deb4bccbf68db47848a4.css.map",
      "storefront.87f57f6b5f190f2bb40b.js.map"
    ],
    "vendors~app-cart": "chunk.89238a56b5643c1b7c7e.js",
    "vendors~app-checkout": "chunk.4408a5be395f8ccd3b3f.js"
  }
}